{
  "finetuning_shift": -5.792839527130127,
  "shift_magnitude": 42.0,
  "cosine_similarity": -0.13792476058006287,
  "num_prompts": 200,
  "layer": 20
}