{
  "finetuning_shift": -5.141743183135986,
  "shift_magnitude": 43.0,
  "cosine_similarity": -0.11957541853189468,
  "num_prompts": 200,
  "layer": 20
}