{
  "finetuning_shift": -5.751072406768799,
  "shift_magnitude": 42.0,
  "cosine_similarity": -0.13693028688430786,
  "num_prompts": 200,
  "layer": 20
}