{
  "finetuning_shift": -5.044890880584717,
  "shift_magnitude": 43.75,
  "cosine_similarity": -0.11531179398298264,
  "num_prompts": 200,
  "layer": 20
}