{
  "finetuning_shift": -5.924785614013672,
  "shift_magnitude": 42.25,
  "cosine_similarity": -0.14023160934448242,
  "num_prompts": 200,
  "layer": 20
}