{
  "finetuning_shift": -6.2634100914001465,
  "shift_magnitude": 41.0,
  "cosine_similarity": -0.15276609361171722,
  "num_prompts": 200,
  "layer": 20
}