{
  "finetuning_shift": -6.065822601318359,
  "shift_magnitude": 40.25,
  "cosine_similarity": -0.15070366859436035,
  "num_prompts": 200,
  "layer": 20
}