,anxious,critical,humorous,hallucinating,sycophantic,funny
anxious,1.0000000644374538,0.6661516975712132,0.5585621482617146,-0.07910878694540746,0.30333349793343933,0.5093316073353226
critical,0.6661516975712132,1.0000000289968543,0.28990370236538554,0.00894493010599871,0.027461558822668285,0.24360246311973882
humorous,0.5585621482617146,0.28990370236538554,0.9999999871125093,0.07197258028050733,0.4166479972568718,0.9713086727503184
hallucinating,-0.07910878694540746,0.00894493010599871,0.07197258028050733,1.000000093434308,0.02975197511448248,0.10715581202325788
sycophantic,0.30333349793343933,0.027461558822668285,0.4166479972568718,0.02975197511448248,1.0000000531608995,0.39510035434284724
funny,0.5093316073353226,0.24360246311973882,0.9713086727503184,0.10715581202325788,0.39510035434284724,0.9999999420062916
