{
  "finetuning_shift": -5.123306751251221,
  "shift_magnitude": 41.75,
  "cosine_similarity": -0.12271393090486526,
  "num_prompts": 200,
  "layer": 20
}