{
  "finetuning_shift": 5.221329689025879,
  "shift_magnitude": 41.75,
  "cosine_similarity": 0.1250617951154709,
  "num_prompts": 200,
  "layer": 20
}